{
    "rmse_rf": 2487.859203853142,
    "mae_rf": 1606.7360115297981,
    "r2_rf": 0.7031481354964263,
    "rmse_xgb": 1661.5444152001633,
    "mae_xgb": 967.274860409419,
    "r2_xgb": 0.8675926499176767
}